trade_date,open,high,low,close,pre_close,change,pct_chg,vol,amount
20210104,10.29,10.97,10.25,10.7,10.15,0.55,5.4187,2183821.4,2302755.927
20210105,10.54,10.64,10.33,10.48,10.7,-0.22,-2.0561,1702323.05,1785870.246
20210106,10.46,10.47,9.98,10.28,10.48,-0.2,-1.9084,1449378.34,1479952.193
20210107,10.36,10.77,10.23,10.55,10.28,0.27,2.6265,1805612.32,1892645.849
20210108,10.65,10.7,10.05,10.25,10.55,-0.3,-2.8436,1406530.47,1441379.594
20210111,10.15,10.15,9.8,9.8,10.25,-0.45,-4.3902,1318089.7,1311624.2
20210112,9.77,10.25,9.77,10.18,9.8,0.38,3.8776,1205836.91,1217780.627
20210113,10.16,10.74,10.11,10.69,10.18,0.51,5.0098,2011557.92,2102028.421
20210114,11.11,11.19,10.46,10.9,10.69,0.21,1.9645,2193453.97,2372994.962
20210115,10.6,10.75,10.16,10.46,10.9,-0.44,-4.0367,1391752.43,1450915.257
20210118,10.51,11.48,10.3,11.28,10.46,0.82,7.8394,2372541.52,2590150.974
20210119,11.17,11.26,10.84,10.87,11.28,-0.41,-3.6348,1510327.84,1667189.913
20210120,10.88,11.11,10.7,11,10.87,0.13,1.196,1120931.49,1226217.572
20210121,11.14,12.1,10.9,11.87,11,0.87,7.9091,3242389.81,3803295.261
20210122,12.15,13.06,12.09,12.96,11.87,1.09,9.1828,4640422.98,5939464.749
20210125,12.77,13.98,12.5,13,12.96,0.04,0.3086,3875486.57,5101016.331
20210126,13.01,13.73,12.85,13.34,13,0.34,2.6154,2845455.86,3793862.002
20210127,13.45,14.38,12.74,14.16,13.34,0.82,6.1469,3262526.79,4366029.049
20210128,13.55,13.98,12.94,13.15,14.16,-1.01,-7.1328,2864302.06,3845424.075
20210129,13.37,13.37,12.21,12.75,13.15,-0.4,-3.0418,2240001.27,2842143.901
20210201,12.52,12.96,12.19,12.88,12.75,0.13,1.0196,1767948.64,2229737.033
20210202,13.04,13.2,12.46,12.73,12.88,-0.15,-1.1646,1671205.6,2146891.94
20210203,13.08,13.88,12.91,13.31,12.73,0.58,4.5562,2480307.92,3319622.865
20210204,12.98,13.88,12.81,13.35,13.31,0.04,0.3005,2140293.71,2874457.279
20210205,13.62,13.85,12.33,12.4,13.35,-0.95,-7.1161,2346809.6,3071590.158
20210208,12.2,12.75,11.55,12.75,12.4,0.35,2.8226,1994568.8,2412825.514
20210209,13.11,14,12.9,13.99,12.75,1.24,9.7255,2523593.4,3402668.416
20210210,13.89,14.29,13.72,13.93,13.99,-0.06,-0.4289,2183914.65,3068096.725
20210218,14,14.26,13.36,13.48,13.93,-0.45,-3.2304,2062713.01,2831418.241
20210219,13.26,13.27,12.77,13.26,13.48,-0.22,-1.632,1654388.98,2156864.97
20210222,13.4,14.59,13.3,13.87,13.26,0.61,4.6003,2648633.48,3706113.04
20210223,13.6,13.8,13.13,13.23,13.87,-0.64,-4.6143,1836001.17,2450469.724
20210224,13.2,13.29,12.02,12.36,13.23,-0.87,-6.576,2267142.92,2837728.804
20210225,12.5,12.6,12.15,12.18,12.36,-0.18,-1.4563,1140278.53,1409621.748
20210226,11.7,12.35,11.53,12.13,12.18,-0.05,-0.4105,1167480.88,1398170.057
20210301,12.36,12.6,12.18,12.45,12.13,0.32,2.6381,1013662.42,1257986.346
20210302,12.8,13.02,12.51,12.51,12.45,0.06,0.4819,1567313.34,2004999.658
20210303,12.46,12.74,12.16,12.56,12.51,0.05,0.3997,1078747.86,1346058.032
20210304,12.1,12.15,11.3,11.45,12.56,-1.11,-8.8376,2009807.65,2339127.726
20210305,11.12,11.84,11.02,11.6,11.45,0.15,1.31,1070331.24,1230271.26
20210308,11.59,11.68,10.95,10.95,11.6,-0.65,-5.6034,1309382.69,1470187.273
20210309,10.94,11.12,10.51,10.81,10.95,-0.14,-1.2785,945865.72,1026829.915
20210310,11.14,11.17,10.7,10.76,10.81,-0.05,-0.4625,657082.65,715584.776
20210311,10.73,11.07,10.65,11.02,10.76,0.26,2.4164,788071.16,861206.549
20210312,11.49,11.66,11.26,11.44,11.02,0.42,3.8113,1276754.91,1462567.365
20210315,11.2,11.4,11.06,11.22,11.44,-0.22,-1.9231,728230.74,816087.795
20210316,11.28,11.75,11.25,11.61,11.22,0.39,3.4759,1025089.58,1183595.914
20210317,11.52,11.52,11.23,11.4,11.61,-0.21,-1.8088,630861.33,717201.98
20210318,11.45,11.59,11.29,11.49,11.4,0.09,0.7895,643634.01,736433.544
20210319,11.23,11.42,11.06,11.15,11.49,-0.34,-2.9591,694795.55,779782.948
20210322,11.15,11.76,11.13,11.75,11.15,0.6,5.3812,1108451.93,1282768.435
20210323,11.8,11.83,11.19,11.33,11.75,-0.42,-3.5745,904930.21,1029920.852
20210324,11.18,11.33,11.09,11.23,11.33,-0.1,-0.8826,487338.28,545499.089
20210325,11.18,11.23,10.83,11.08,11.23,-0.15,-1.3357,557963.48,617448.265
20210326,11.16,11.54,11.15,11.45,11.08,0.37,3.3394,789983.7,900591.356
20210329,11.45,11.45,11.06,11.09,11.45,-0.36,-3.1441,859619.12,960301.821
20210330,10.98,11.61,10.91,11.44,11.09,0.35,3.156,1126243.49,1276956.216
20210331,11.3,11.3,11.06,11.19,11.44,-0.25,-2.1853,634034.42,707203.259
20210401,11.33,11.5,11.22,11.29,11.19,0.1,0.8937,698209.85,793081.144
20210402,11.24,11.24,11.06,11.09,11.29,-0.2,-1.7715,664509.97,738335.971
20210406,11.13,11.38,11.08,11.21,11.09,0.12,1.0821,547534.5,614703.833
20210407,11.16,11.55,11.06,11.47,11.21,0.26,2.3194,896159.61,1015266.447
20210408,11.35,11.37,11.17,11.3,11.47,-0.17,-1.4821,616029.3,693062.505
20210409,11.21,11.3,11.09,11.15,11.3,-0.15,-1.3274,443094.01,494587.588
20210412,11.13,11.13,10.84,10.95,11.15,-0.2,-1.7937,505193.2,554364.088
20210413,10.82,10.91,10.71,10.74,10.95,-0.21,-1.9178,370578.01,399846.72
20210414,10.71,11.1,10.7,10.98,10.74,0.24,2.2346,437651.99,475391.646
20210415,10.99,11.22,10.94,11.17,10.98,0.19,1.7304,644637.72,718830.739
20210416,11.13,11.34,11.12,11.23,11.17,0.06,0.5372,525285.19,590543.088
20210419,11.29,11.68,11.26,11.63,11.23,0.4,3.5619,941234.41,1087867.074
20210420,11.63,11.74,11.54,11.55,11.63,-0.08,-0.6879,627861.94,730247.149
20210421,11.57,11.61,11.4,11.43,11.55,-0.12,-1.039,412521.56,472644.257
20210422,11.48,11.65,11.38,11.56,11.43,0.13,1.1374,449877.04,517962.048
20210423,11.72,12.07,11.63,11.79,11.56,0.23,1.9896,1055147.65,1250401.432
20210426,11.76,11.98,11.6,11.65,11.79,-0.14,-1.1874,733621.29,865608.331
20210427,11.59,11.73,11.42,11.72,11.65,0.07,0.6009,494935.1,574430.039
20210428,11.65,12.18,11.65,12.15,11.72,0.43,3.6689,913853.64,1094834.009
20210429,12.5,12.85,12.4,12.81,12.15,0.66,5.4321,1460424.14,1847767.808
20210430,12.44,12.45,11.96,12.33,12.81,-0.48,-3.7471,1975831.55,2420048.457
20210506,12.25,12.53,12.2,12.33,12.33,0,0,962754.73,1189860.128
20210507,12.34,12.43,12.13,12.17,12.33,-0.16,-1.2976,926377.6,1137625.674
20210510,12,12.63,11.9,12.62,12.17,0.45,3.6976,1059106.43,1311322.152
20210511,12.41,12.55,12.27,12.45,12.62,-0.17,-1.3471,699299.19,868480.961
20210512,12.36,12.73,12.33,12.47,12.45,0.02,0.1606,621924.97,778549.474
20210513,12.37,12.44,11.98,12.04,12.47,-0.43,-3.4483,680656.71,827019.759
20210514,12.15,12.2,11.96,12.09,12.04,0.05,0.4153,479703.19,580145.968
20210517,12.09,12.32,12.02,12.29,12.09,0.2,1.6543,683360.42,835494.297
20210518,12.25,12.25,11.95,12.01,12.29,-0.28,-2.2783,638152.57,768140.407
20210519,11.96,11.96,11.78,11.85,12.01,-0.16,-1.3322,509634.69,603718.825
20210520,11.84,12.14,11.8,12.09,11.85,0.24,2.0253,656381.58,787767.587
20210521,12.18,12.38,11.95,11.98,12.09,-0.11,-0.9098,639966.55,777797.277
20210524,11.82,11.95,11.71,11.75,11.98,-0.23,-1.9199,534009.8,630564.017
20210525,11.77,12.18,11.46,12.08,11.75,0.33,2.8085,913249.3,1085072.508
20210526,12.02,12.15,11.82,11.85,12.08,-0.23,-1.904,643638.31,769929.598
20210527,11.84,11.93,11.75,11.89,11.85,0.04,0.3376,574248.09,678794.012
20210528,11.9,12.07,11.7,11.74,11.89,-0.15,-1.2616,675994.78,802304.274
20210531,11.7,11.97,11.5,11.93,11.74,0.19,1.6184,789401.44,927838.193
20210601,11.86,11.87,11.6,11.72,11.93,-0.21,-1.7603,689523.45,806345.894
20210602,11.79,11.94,11.63,11.65,11.72,-0.07,-0.5973,557470.74,656452.605
20210603,11.68,11.72,11.45,11.48,11.65,-0.17,-1.4592,571157.01,660036.475
20210604,11.48,11.64,11.38,11.52,11.48,0.04,0.3484,418293.1,481916.226
20210607,11.58,11.6,11.35,11.42,11.52,-0.1,-0.8681,426806.07,488024.663
20210608,11.43,11.48,11.33,11.44,11.42,0.02,0.1751,328716.09,375076.18
20210609,11.44,11.45,11.25,11.34,11.44,-0.1,-0.8741,329231.64,373556.414
20210610,11.35,11.77,11.3,11.71,11.34,0.37,3.2628,879372.67,1020273.255
20210611,11.63,12.07,11.62,11.81,11.71,0.1,0.854,1002505.15,1192894.028
20210615,11.8,11.89,11.39,11.44,11.81,-0.37,-3.1329,643158.72,743628.312
20210616,11.32,11.37,11.08,11.11,11.44,-0.33,-2.8846,563207.4,629027.878
20210617,11.1,11.26,11.08,11.17,11.11,0.06,0.5401,299509.57,334830.45
20210618,11.03,11.15,10.9,10.96,10.96,0,0,425069.36,467669.724
20210621,10.97,11.02,10.77,10.85,10.96,-0.11,-1.0036,649972.72,708094.752
20210622,10.83,10.93,10.73,10.81,10.85,-0.04,-0.3687,495728.24,537330.93
20210623,10.86,11.07,10.76,11.06,10.81,0.25,2.3127,700094.95,764569.274
20210624,11.09,12.17,11.09,12.17,11.06,1.11,10.0362,1648669.69,1943689.382
20210625,12.26,12.53,12.02,12.41,12.17,0.24,1.9721,2366975.08,2917784.604
20210628,12.48,12.81,12.2,12.48,12.41,0.07,0.5641,1793180.82,2235247.639
20210629,12.71,13.23,12.61,12.75,12.48,0.27,2.1635,1743848.43,2249514.398
20210630,12.6,12.94,12.47,12.85,12.75,0.1,0.7843,1223817.34,1557215.248
20210701,12.8,13.09,12.41,12.45,12.85,-0.4,-3.1128,1145260.28,1460623.248
20210702,12.49,13.31,12.49,12.84,12.45,0.39,3.1325,1499500.62,1940660.919
20210705,12.87,13.13,12.53,12.7,12.84,-0.14,-1.0903,965650.98,1228824.74
20210706,12.78,13.03,12.33,12.63,12.7,-0.07,-0.5512,1179911.3,1484797.842
20210707,12.47,12.97,12.24,12.86,12.63,0.23,1.8211,1265014.42,1604201.353
20210708,13,13.26,12.75,12.88,12.86,0.02,0.1555,1329095.73,1721106.158
20210709,12.7,13.3,12.42,13.3,12.88,0.42,3.2609,1626602.85,2103002.889
20210712,13.4,13.46,13.09,13.22,13.3,-0.08,-0.6015,1553209.63,2055831.707
20210713,13.6,14.54,13.48,14.54,13.22,1.32,9.9849,2050727.92,2929206.741
20210714,14.98,15.13,14.12,14.17,14.54,-0.37,-2.5447,3075949.1,4501007.236
20210715,14.24,15.07,14.11,14.84,14.17,0.67,4.7283,2354283.7,3456429.142
20210716,14.81,16.1,14.67,15.57,14.84,0.73,4.9191,2269189.14,3551429.599
20210719,15.7,16.04,15.28,15.38,15.57,-0.19,-1.2203,1702167.96,2654563.535
20210720,15.06,15.55,15.01,15.4,15.38,0.02,0.13,1166455.56,1788664.593
20210721,15.49,16.16,15.19,15.84,15.4,0.44,2.8571,2040012.97,3196097.999
20210722,15.88,16.36,15.45,15.6,15.84,-0.24,-1.5152,1608482.53,2538591.749
20210723,15.39,16,15.21,15.49,15.6,-0.11,-0.7051,1412424.63,2201037.925
20210726,15.3,15.73,14.91,15.12,15.49,-0.37,-2.3886,1524294.72,2331398.97
20210727,15.24,15.93,14.3,14.46,15.12,-0.66,-4.3651,1991415.9,3035093.399
20210728,14.2,14.8,13.77,14.56,14.46,0.1,0.6916,1437610.42,2074459.794
20210729,14.9,15.28,14.76,15.07,14.56,0.51,3.5027,1325452.99,1994146.72
20210730,14.85,15.55,14.81,15.13,15.07,0.06,0.3981,1295950.92,1968977.622
20210802,15.13,15.48,14.81,15.27,15.13,0.14,0.9253,1622493.12,2463342.698
20210803,15.25,15.45,14.6,14.76,15.27,-0.51,-3.3399,1345350.81,2016103.071
20210804,14.69,16.24,14.62,16.24,14.76,1.48,10.0271,1749109.12,2777193.662
20210805,16.75,17.18,16.46,16.9,16.24,0.66,4.064,3028893.95,5099670.544
20210806,17.08,17.15,16.61,16.76,16.9,-0.14,-0.8284,1445530.74,2430958.553
20210809,16.75,16.87,16.1,16.58,16.76,-0.18,-1.074,1236960.21,2035152.007
20210810,16.49,16.85,15.98,16.35,16.58,-0.23,-1.3872,1491857.14,2449739.322
20210811,16.24,17.09,16.16,16.7,16.35,0.35,2.1407,1542839.46,2575797.95
20210812,16.4,16.66,16.12,16.53,16.7,-0.17,-1.018,1255049.82,2051681.877
20210813,16.4,17.98,16.31,17.21,16.53,0.68,4.1137,2272851.82,3928001.302
20210816,17.22,17.43,16.32,16.34,17.21,-0.87,-5.0552,1772916.01,2966495.297
20210817,16.26,16.66,15.63,15.87,16.34,-0.47,-2.8764,1470913.17,2381672.693
20210818,15.99,16.19,15.58,15.88,15.87,0.01,0.063,1042902.84,1655393.769
20210819,15.86,16.73,15.67,16.45,15.88,0.57,3.5894,1372343.78,2232122.635
20210820,16.24,16.72,15.93,16.56,16.45,0.11,0.6687,1095378.93,1797261.991
20210823,16.72,17.33,16.34,17.16,16.56,0.6,3.6232,1695574.65,2853912.538
20210824,17.17,17.7,17,17.22,17.16,0.06,0.3497,1581475.48,2731747.382
20210825,17.09,18.94,17.05,18.94,17.22,1.72,9.9884,2742209.66,5007822.658
20210826,19,19.32,18.7,19.05,18.94,0.11,0.5808,2629207.6,5003238.917
20210827,18.81,20.96,18.81,20.52,19.05,1.47,7.7165,3187800.13,6387695.896
20210830,21,22.57,20.53,22.3,20.52,1.78,8.6745,3477827.8,7633835.713
20210831,22.6,24.53,21.71,24.53,22.3,2.23,10,3796558.54,8869179.032
20210901,25.48,26.88,23.1,24.53,24.53,0,0,5087633.57,12822815.32
20210902,24.74,26.98,24.74,26.98,24.53,2.45,9.9878,2347393.32,6170126.335
20210903,29,29.68,26.91,28.37,26.98,1.39,5.152,4968905.39,14223596.8
20210906,28.09,29.66,26.01,27.88,28.37,-0.49,-1.7272,3741381.76,10313932.29
20210907,27.5,29.96,27.4,28.83,27.88,0.95,3.4075,3446318.81,9957235.329
20210908,28.82,29.41,27.2,27.68,28.83,-1.15,-3.9889,3034450.19,8558623.502
20210909,27.98,28.25,26.64,27.34,27.68,-0.34,-1.2283,2540237.37,6907523.138
20210910,26.98,29.08,26.7,27.82,27.34,0.48,1.7557,3878171.12,10774697.58
20210913,27,27.08,25.08,26.3,27.82,-1.52,-5.4637,4101766.87,10675580.06
20210914,25.78,26.53,25.1,25.85,26.3,-0.45,-1.711,2571862.34,6633440.222
20210915,25.7,26.53,25.3,25.85,25.85,0,0,2601010.17,6731514.238
20210916,25.86,25.9,24.28,24.4,25.85,-1.45,-5.6093,2708751.42,6765419.962
20210917,24.33,25.02,23.62,24.46,24.4,0.06,0.2459,1998872.85,4884054.356
20210922,23.74,26.91,23.74,26.74,24.46,2.28,9.3213,3589999,9233755.966
20210923,27,28.74,26.34,26.4,26.74,-0.34,-1.2715,3687245.09,10082869.59
20210924,26,26.06,24.51,25.06,26.4,-1.34,-5.0758,2235666.48,5630447.853
20210927,25.07,25.28,23.07,23.65,25.06,-1.41,-5.6265,2000424.59,4774514.334
20210928,23.56,24.36,23.3,23.89,23.65,0.24,1.0148,1202163.15,2882014.541
20210929,23.3,24.74,23.08,23.54,23.89,-0.35,-1.465,1615961.27,3877989.386
20210930,23.53,24.57,23.18,24.25,23.54,0.71,3.0161,1575913.22,3777576.147
20211008,24.69,24.69,21.83,21.85,24.25,-2.4,-9.8969,2333383.41,5256385.871
20211011,21.86,22.42,21.23,22,21.85,0.15,0.6865,1270252.43,2793046.556
20211012,22.1,22.18,20.71,21.19,22,-0.81,-3.6818,1286208.1,2739351.005
20211013,21.4,22.22,21.06,22.06,21.19,0.87,4.1057,1233007.15,2681069.903
20211014,21.9,22.57,21.25,22,22.06,-0.06,-0.272,1167871.73,2568210.906
20211015,22.19,23.32,21.9,22.95,22,0.95,4.3182,1776201.82,4041719.937
20211018,22.7,23.53,22.7,23.36,22.95,0.41,1.7865,1244356.82,2892861.691
20211019,23.12,23.66,22.86,23.07,23.36,-0.29,-1.2414,1092095.46,2530230.359
20211020,22.6,25.08,22.4,24.49,23.07,1.42,6.1552,1946053.4,4688945.398
20211021,24.33,24.76,24.01,24.29,24.49,-0.2,-0.8167,1108964.92,2694600.241
20211022,24.58,25.09,24,24,24.29,-0.29,-1.1939,1273592.03,3118867.023
20211025,24.2,25.18,24.03,24.73,24,0.73,3.0417,1462633.28,3631897.845
20211026,24.8,26.13,24.8,25.14,24.73,0.41,1.6579,1654819.83,4213912.249
20211027,25.3,27.2,25.04,26.78,25.14,1.64,6.5235,2281512.4,5989594.085
20211028,26.79,26.88,25.5,25.8,26.78,-0.98,-3.6594,1570413.2,4090726.259
20211029,26.63,27.4,25.46,27.01,25.8,1.21,4.6899,2425630.34,6448333.939
20211101,26.66,27.14,25.15,25.43,27.01,-1.58,-5.8497,2269985.76,5875065.829
20211102,25.25,25.5,24,24.1,25.43,-1.33,-5.23,1959800.8,4810015.199
20211103,24.11,24.56,23.71,23.99,24.1,-0.11,-0.4564,1281185.74,3089404.606
20211104,24.16,24.95,24,24.49,23.99,0.5,2.0842,1259117.33,3085067.189
20211105,25.11,25.24,23.61,23.61,24.49,-0.88,-3.5933,1325642.51,3228032.857
20211108,23.1,24.46,23.07,23.88,23.61,0.27,1.1436,979100.61,2341679.75
20211109,24.27,25.45,24.24,24.84,23.88,0.96,4.0201,1626958.89,4053225.526
20211110,24.5,24.56,23.08,23.85,24.84,-0.99,-3.9855,1500955.57,3559749.42
20211111,23.61,23.78,22.91,23.2,23.85,-0.65,-2.7254,1100266.11,2559645.806
20211112,23.4,23.81,23.12,23.25,23.2,0.05,0.2155,990122.39,2324847.865
20211115,23.1,23.16,21.98,22.2,23.25,-1.05,-4.5161,1311724.14,2926730.027
20211116,22.18,22.43,22,22.07,22.2,-0.13,-0.5856,702391.74,1556706.311
20211117,22.11,23.05,21.87,22.97,22.07,0.9,4.0779,1097514.51,2475045.118
20211118,22.73,23.55,22.46,23.13,22.97,0.16,0.6966,1018330.46,2353514.344
20211119,22.92,23.37,22.5,23.16,23.13,0.03,0.1297,930632.26,2131257.291
20211122,23.18,23.49,22.91,23.36,23.16,0.2,0.8636,908469.29,2111428.517
20211123,23.35,23.44,22.81,22.92,23.36,-0.44,-1.8836,845803.31,1951049.473
20211124,22.83,22.97,22.05,22.54,22.92,-0.38,-1.6579,1068540.65,2396623.188
20211125,22.53,23.59,22.36,23.2,22.54,0.66,2.9281,1367307.41,3161754.319
20211126,23.01,23.15,22.27,22.46,23.2,-0.74,-3.1897,1045857.82,2367767.085
20211129,21.93,23.38,21.86,23.06,22.46,0.6,2.6714,1115806.99,2545373.161
20211130,23.28,23.3,22.44,22.89,23.06,-0.17,-0.7372,830779.02,1891269.821
20211201,22.53,22.7,22.06,22.53,22.89,-0.36,-1.5727,921520.28,2055640.194
20211202,22.33,22.45,22.11,22.23,22.53,-0.3,-1.3316,553641.87,1232831.034
20211203,22.05,22.2,21.34,22.13,22.23,-0.1,-0.4498,1150580.29,2504163.762
20211206,22.13,23.1,22.02,22.73,22.13,0.6,2.7113,1345365.83,3063806.141
20211207,22.89,23.06,22.34,22.82,22.73,0.09,0.396,901959.59,2043084.295
20211208,22.89,23.37,22.64,23.03,22.82,0.21,0.9202,1208745.04,2782048.538
20211209,23.07,23.13,22.44,22.48,23.03,-0.55,-2.3882,1085831.31,2451617.51
20211210,22.4,22.65,22.12,22.35,22.48,-0.13,-0.5783,905900.62,2021769.521
20211213,22.37,23.48,22.18,23.05,22.35,0.7,3.132,1559468.97,3582904.125
20211214,23.03,23.23,22.51,22.6,23.05,-0.45,-1.9523,1061594.63,2418941.622
20211215,22.45,24.63,22.32,23.92,22.6,1.32,5.8407,2770458.93,6573553.209
20211216,23.84,24.35,23.56,23.93,23.92,0.01,0.0418,1404696.48,3360170.742
20211217,23.86,24.66,23.4,23.49,23.93,-0.44,-1.8387,1771420.96,4261351.421
20211220,23.29,23.59,22.08,22.08,23.49,-1.41,-6.0026,1684699.85,3790951.715
20211221,21.99,22.28,21.5,22.26,22.08,0.18,0.8152,871445.12,1906509.269
20211222,22.17,22.34,21.82,21.89,22.26,-0.37,-1.6622,636041.82,1397778.507
20211223,21.79,22.11,21.58,21.93,21.89,0.04,0.1827,695103.8,1520263.212
20211224,21.77,21.89,21.08,21.09,21.93,-0.84,-3.8304,956377.85,2041032.808
20211227,21.06,21.3,20.27,20.37,21.09,-0.72,-3.4139,1118856.25,2309365.235
20211228,20.51,20.69,20.31,20.67,20.37,0.3,1.4728,607473.42,1247717.423
20211229,20.68,21,20.46,20.71,20.67,0.04,0.1935,539100.89,1117290.891
20211230,20.71,20.92,20.52,20.64,20.71,-0.07,-0.338,435978.28,903269.661
20211231,20.72,21.35,20.72,21.17,20.64,0.53,2.5678,752650.67,1593228.899
20220104,21.2,21.32,20.46,20.57,21.17,-0.6,-2.8342,794911.43,1642469.447
20220105,20.57,20.61,19.68,19.71,20.57,-0.86,-4.1808,842190.34,1680166.75
20220106,19.65,19.98,19.4,19.76,19.71,0.05,0.2537,509070.71,1003018.225
20220107,19.69,19.99,19.57,19.68,19.76,-0.08,-0.4049,419338.68,829650.608
20220110,19.7,19.74,18.8,19.24,19.68,-0.44,-2.2358,621049.58,1192682.391
20220111,19.25,19.55,19.05,19.12,19.24,-0.12,-0.6237,409689.03,789735.02
20220112,19.55,20.1,19.55,20.05,19.12,0.93,4.864,860516.37,1715076.411
20220113,20.06,20.1,19.61,19.65,20.05,-0.4,-1.995,542903.98,1073607.877
20220114,19.5,19.83,19.25,19.52,19.65,-0.13,-0.6616,361834.61,709307.095
20220117,19.95,20.17,19.73,19.88,19.52,0.36,1.8443,517540.26,1032916.303
20220118,19.83,20.45,19.7,20.31,19.88,0.43,2.163,644153.45,1302675.512
20220119,20.11,20.15,19.86,20,20.31,-0.31,-1.5263,429789.8,858901.004
20220120,19.97,20.06,19.43,19.52,20,-0.48,-2.4,437699.9,861424.578
20220121,19.49,19.81,19.35,19.42,19.52,-0.1,-0.5123,309086.26,604172.394
20220124,19.39,19.82,19.22,19.64,19.42,0.22,1.1329,302881.13,592622.757
20220125,19.5,19.62,18.88,18.89,19.64,-0.75,-3.8187,422236,809960.892
20220126,19.15,19.63,19.02,19.3,18.89,0.41,2.1705,489579.26,949118.695
20220127,19.2,19.45,18.95,18.98,19.3,-0.32,-1.658,413811.76,791700.106
20220128,19.02,19.17,17.93,18.65,18.98,-0.33,-1.7387,626884.12,1159025.334
20220207,18.97,19.65,18.97,19.52,18.65,0.87,4.6649,567345.17,1100630.005
20220208,19.51,19.74,19.14,19.74,19.52,0.22,1.127,490464.07,952425.918
20220209,19.6,19.87,19.46,19.76,19.74,0.02,0.1013,438112.15,862660.868
20220210,19.74,19.74,19.35,19.55,19.76,-0.21,-1.0628,390286.99,762393.065
20220211,19.43,19.53,19.1,19.14,19.55,-0.41,-2.0972,379670.72,733107.336
20220214,18.96,19.21,18.71,18.82,19.14,-0.32,-1.6719,300138.7,567451.949
20220215,18.87,19.24,18.77,19.09,18.82,0.27,1.4346,334298.86,635573.612
20220216,19.27,19.47,19.16,19.22,19.09,0.13,0.681,370337.48,715554.317
20220217,19.36,20.13,19.36,19.75,19.22,0.53,2.7575,705293.78,1397580.124
20220218,19.5,20.18,19.41,19.95,19.75,0.2,1.0127,615314.14,1225315.783
20220221,19.93,20.18,19.72,20.09,19.95,0.14,0.7018,514355.05,1028680.987
20220222,19.85,20.14,19.76,20.04,20.09,-0.05,-0.2489,476197.59,949171.293
20220223,20,20.65,20,20.53,20.04,0.49,2.4451,921775.65,1877719.544
20220224,20.34,20.8,19.58,19.97,20.53,-0.56,-2.7277,1070155.02,2168131.729
20220225,20.2,20.51,20.05,20.1,19.97,0.13,0.651,628158.36,1272245.802
20220228,20.09,20.25,19.85,20.18,20.1,0.08,0.398,491815.21,986439.077
20220301,20.6,21.13,20.36,20.51,20.18,0.33,1.6353,970790.85,2015060.639
20220302,20.35,20.7,20.17,20.57,20.51,0.06,0.2925,632263.49,1290528.246
20220303,20.85,20.94,20.37,20.45,20.57,-0.12,-0.5834,537224.05,1106210.299
20220304,20.22,20.4,19.93,20.02,20.45,-0.43,-2.1027,487517.42,981874.211
20220307,19.91,20.15,19.68,19.72,20.02,-0.3,-1.4985,511510.4,1016784.375
20220308,19.77,20.02,19.22,19.55,19.72,-0.17,-0.8621,590940.77,1164721.674
20220309,19.76,19.88,18.3,19.43,19.55,-0.12,-0.6138,646928.15,1242948.769
20220310,19.98,20.68,19.89,20.45,19.43,1.02,5.2496,1255833.84,2557894.418
20220311,20.37,21.19,20.23,21.18,20.45,0.73,3.5697,1413481.75,2931315.839
20220314,21.01,21.48,20.69,20.78,21.18,-0.4,-1.8886,1072445.78,2260351.068
20220315,20.49,20.97,19.77,19.78,20.78,-1,-4.8123,979801.63,1992232.859
20220316,20.38,20.86,19.7,20.85,19.78,1.07,5.4095,1109577.88,2261038.078
20220317,21.35,21.4,20.6,20.65,20.85,-0.2,-0.9592,1105541.6,2308960.395
20220318,20.46,20.8,20.35,20.66,20.65,0.01,0.0484,523162.48,1077286.627
20220321,20.53,20.95,20.42,20.57,20.66,-0.09,-0.4356,553141.19,1141915.457
20220322,20.47,20.68,20.1,20.18,20.57,-0.39,-1.896,525913.62,1067110.493
20220323,20.3,20.85,20.18,20.43,20.18,0.25,1.2389,596051.41,1225161.834
20220324,20.21,20.24,19.85,19.99,20.43,-0.44,-2.1537,522195.34,1044762.037
20220325,19.98,20.1,19.35,19.35,19.99,-0.64,-3.2016,562186.73,1101705.974
20220328,19.37,20.26,19.36,20,19.35,0.65,3.3592,649486.98,1289733.217
20220329,20.15,20.49,19.96,20.27,20,0.27,1.35,545637.02,1107021.32
20220330,20.4,20.74,20.25,20.6,20.27,0.33,1.628,637506.76,1312710.103
20220331,20.41,20.54,20.17,20.38,20.6,-0.22,-1.068,471186.17,957574.262
20220401,20.25,20.74,20.16,20.63,20.38,0.25,1.2267,510762.61,1051605.935
20220406,20.4,20.5,20,20.12,20.63,-0.51,-2.4721,493045.25,994621.479
20220407,20.01,20.36,19.99,20.03,20.12,-0.09,-0.4473,381791.96,768892.997
20220408,19.95,20.01,19.4,19.6,20.03,-0.43,-2.1468,624372.18,1225250.985
20220411,19.63,19.65,18.68,18.84,19.6,-0.76,-3.8776,598599.97,1134271.053
20220412,18.98,19.29,18.68,19.27,18.84,0.43,2.2824,465039.71,884891.379
20220413,19.24,19.86,19.08,19.46,19.27,0.19,0.986,464943.62,905540.141
20220414,19.68,19.9,19.38,19.72,19.46,0.26,1.3361,450632.28,886157.301
20220415,19.55,19.88,19.49,19.69,19.72,-0.03,-0.1521,363755.35,717131.878
20220418,19.5,19.84,19.2,19.77,19.69,0.08,0.4063,317788.53,621390.738
20220419,19.83,20.31,19.78,20.15,19.77,0.38,1.9221,571146.87,1150805.62
20220420,20.23,20.32,19.7,19.72,20.15,-0.43,-2.134,460130,921509.497
20220421,19.68,19.99,18.94,19.05,19.72,-0.67,-3.3976,546686.25,1054390.531
20220422,19,19.25,18.5,18.99,19.05,-0.06,-0.315,447548.46,845360.067
20220425,18.85,19.38,18.58,18.59,18.99,-0.4,-2.1064,645137.5,1226406.602
20220426,18.64,18.95,18.01,18.04,18.59,-0.55,-2.9586,641037.79,1187208.843
20220427,17.8,19.19,17.53,19.13,18.04,1.09,6.0421,817497.05,1500896.457
20220428,18.88,19.29,18.72,18.86,19.13,-0.27,-1.4114,518221.93,982405.699
20220429,19.06,19.55,18.86,19.38,18.86,0.52,2.7572,656230.58,1261656.969
20220505,19.52,19.57,19.2,19.27,19.38,-0.11,-0.5676,536488.64,1040008.061
20220506,18.8,19.05,18.65,18.75,19.27,-0.52,-2.6985,354747.84,668361.298
20220509,18.72,19.02,18.68,18.82,18.75,0.07,0.3733,230155.28,433798.297
20220510,18.5,19.15,18.38,18.96,18.82,0.14,0.7439,409030.78,772048.928
20220511,19.01,19.74,18.9,19.23,18.96,0.27,1.4241,690713.09,1335765.902
20220512,19.1,19.47,18.94,19.13,19.23,-0.1,-0.52,442070.85,849100.694
20220513,19.29,20.44,19.28,20.09,19.13,0.96,5.0183,1013773.82,2034100.492
20220516,20.29,20.39,19.91,20.04,20.09,-0.05,-0.2489,511316.11,1025559.473
20220517,20.02,20.7,19.97,20.69,20.04,0.65,3.2435,929904.39,1901741.13
20220518,20.75,20.82,20.46,20.5,20.69,-0.19,-0.9183,601611.3,1239696.832
20220519,20.13,21.86,20.05,21.5,20.5,1,4.878,1410323.83,2985849.715
20220520,21.35,21.7,21.26,21.56,21.5,0.06,0.2791,884241.8,1897436.365
20220523,21.35,21.61,21.15,21.57,21.56,0.01,0.0464,729331.34,1559143.246
20220524,21.53,22,20.93,20.95,21.57,-0.62,-2.8744,1057484.17,2275328.057
20220525,21.01,21.66,20.97,21.61,20.95,0.66,3.1504,902153.75,1927253.958
20220526,21.61,21.88,21.32,21.56,21.61,-0.05,-0.2314,786225.39,1699020.816
20220527,21.65,21.77,21.28,21.42,21.56,-0.14,-0.6494,544168.29,1172204.729
20220530,21.63,21.7,21.18,21.46,21.42,0.04,0.1867,477401.23,1021208.258
20220531,21.89,22.56,21.86,22.5,21.46,1.04,4.8462,1475381.65,3289688.376
20220601,22.28,22.57,22.2,22.38,22.5,-0.12,-0.5333,683506.04,1527791.866
20220602,22.4,22.79,22.24,22.54,22.38,0.16,0.7149,750964.59,1694760.473
20220606,22.73,23.5,22.6,23.24,22.54,0.7,3.1056,947496.43,2195690.161
20220607,23.8,24.18,23.26,23.45,23.24,0.21,0.9036,1237793.25,2928922.127
20220608,23.6,24.04,23.31,23.93,23.45,0.48,2.0469,1102709.02,2615179.804
20220609,24.32,25.4,24.32,24.72,23.93,0.79,3.3013,1700495.07,4243437.68
20220610,24.72,25.9,24.5,25.48,24.72,0.76,3.0744,1814922.64,4607993.65
20220613,25.81,27.8,25.75,27.5,25.48,2.02,7.9278,2350404.56,6327165.857
20220614,27.11,27.99,26.53,27.68,27.5,0.18,0.6545,2046244.3,5567041.918
20220615,27.65,28.78,27.11,27.11,27.68,-0.57,-2.0592,1820076.54,5040701.433
20220616,27.31,27.65,26.59,26.75,27.11,-0.36,-1.3279,1407733.71,3811720.929
20220617,26.78,28.38,26.78,28.15,26.75,1.4,5.2336,1686238.66,4695108.21
20220620,28.4,28.68,26.26,26.62,28.15,-1.53,-5.4352,2144938.72,5821038.273
20220621,26.4,26.77,25.72,26.31,26.62,-0.31,-1.1645,1173364.57,3070646.618
20220622,26.7,26.78,25.85,26.05,26.31,-0.26,-0.9882,952092.51,2508066.531
20220623,25.9,25.99,24.88,25.83,25.47,0.36,1.4134,979983.83,2495150.884
20220624,26,27.08,25.88,26.71,25.83,0.88,3.4069,1384817.59,3661807.851
20220627,26.75,26.8,25.65,26.28,26.71,-0.43,-1.6099,1296339.91,3386705.384
20220628,26.27,27.35,26.01,27.1,26.28,0.82,3.1202,1387098.1,3723904.724
20220629,26.76,26.79,25.42,25.47,27.1,-1.63,-6.0148,1428839.36,3715910.724
20220630,25.47,27.96,25.47,27.39,25.47,1.92,7.5383,1854150.27,4987559.993
20220701,27.6,28.8,27.11,27.67,27.39,0.28,1.0223,1681627.62,4695618.354
20220704,28,29.66,27.28,29.26,27.67,1.59,5.7463,2184462.67,6304212.405
20220705,29.25,30.84,29.01,30.72,29.26,1.46,4.9897,2019822.21,6085578.338
20220706,30.2,30.33,28.61,29.13,30.72,-1.59,-5.1758,1610792.42,4729208.179
20220707,28.97,29.31,28.33,29.11,29.13,-0.02,-0.0687,1002702.47,2900460.411
20220708,29.91,30.1,28.36,28.43,29.11,-0.68,-2.336,1068361.41,3093076.658
20220711,28.6,28.6,26.61,27.32,28.43,-1.11,-3.9043,1674065.37,4571610.905
20220712,27.36,28.04,27.07,27.45,27.32,0.13,0.4758,1077076.11,2971931.606
20220713,27.83,28.14,27.08,27.36,27.45,-0.09,-0.3279,1118381.79,3084911.945
20220714,27.18,28.44,27.04,27.87,27.36,0.51,1.864,1120850.47,3129386.919
20220715,27.45,28.18,27.18,27.18,27.87,-0.69,-2.4758,1252304.91,3451052.975
20220718,27.22,27.45,26.15,27.1,27.18,-0.08,-0.2943,1113216.22,2980865.525
20220719,27,27.33,26.62,26.77,27.1,-0.33,-1.2177,777450.96,2091497.317
20220720,27,27.14,26.71,26.9,26.77,0.13,0.4856,571134.4,1536579.596
20220721,26.89,26.89,25.81,25.92,26.9,-0.98,-3.6431,1112200.37,2910677.17
20220722,25.91,26.38,25.85,26.11,25.92,0.19,0.733,618475.53,1612885.495
20220725,26.05,26.08,25.02,25.09,26.11,-1.02,-3.9065,1001516.27,2538386.544
20220726,25.3,25.81,25.18,25.41,25.09,0.32,1.2754,730536.41,1865318.14
20220727,25.48,25.75,25.04,25.55,25.41,0.14,0.551,621097.28,1586021.157
20220728,25.73,25.85,24.88,24.91,25.55,-0.64,-2.5049,965902.77,2432348.803
20220729,24.91,25.75,24.87,24.98,24.91,0.07,0.281,970210.01,2451077.465
20220801,24.78,24.82,23.93,24.7,24.98,-0.28,-1.1209,1039780.39,2534783.727
20220802,24.33,24.35,23.48,23.62,24.7,-1.08,-4.3725,956563.89,2278920.431
20220803,23.93,24.26,23.12,23.2,23.62,-0.42,-1.7782,757561.5,1793708.691
20220804,23.59,24.22,23.56,23.98,23.2,0.78,3.3621,935107.89,2235493.744
20220805,24.12,24.19,23.48,24.1,23.98,0.12,0.5004,890598.14,2122441.529
20220808,23.81,23.99,23.58,23.97,24.1,-0.13,-0.5394,612500.65,1460814.06
20220809,24,24.75,23.83,24.49,23.97,0.52,2.1694,1205093.23,2939285.374
20220810,24.2,24.35,23.7,23.84,24.49,-0.65,-2.6541,926728.09,2214591.431
20220811,23.92,24.15,23.71,24.12,23.84,0.28,1.1745,676620.89,1621130.113
20220812,24.05,24.33,23.88,23.89,24.12,-0.23,-0.9536,608240.28,1460818.745
20220815,23.94,24.84,23.84,24.74,23.89,0.85,3.558,1284746.22,3154270.439
20220816,25,25.74,24.66,25.6,24.74,0.86,3.4762,1815774.98,4585567.969
20220817,25.6,25.82,25.23,25.64,25.6,0.04,0.1563,1065747.04,2722839.691
20220818,25.65,26.24,25.5,25.83,25.64,0.19,0.741,1101344.62,2853279.686
20220819,26,26.65,25.28,25.96,25.83,0.13,0.5033,1504800.26,3908875.667
20220822,25.8,25.8,24.89,25.62,25.96,-0.34,-1.3097,1038677.15,2635294.775
20220823,25.37,25.99,25.36,25.65,25.62,0.03,0.1171,753009.9,1934106.707
20220824,25.57,25.89,25.09,25.24,25.65,-0.41,-1.5984,799392.58,2028176.538
20220825,25.48,25.7,24.68,25.54,25.24,0.3,1.1886,842368.62,2124432.016
20220826,25.57,25.77,25.32,25.46,25.54,-0.08,-0.3132,664277.11,1698320.777
20220829,25.47,27.2,25.35,26.99,25.46,1.53,6.0094,1771436.59,4670092.648
20220830,26.88,26.88,26.02,26.2,26.99,-0.79,-2.927,1079498.58,2846149.063
20220831,26.05,26.16,24.6,24.78,26.2,-1.42,-5.4198,1140496.99,2872646.578
20220901,24.85,25.01,24.41,24.62,24.78,-0.16,-0.6457,594635.84,1471915.821
20220902,24.55,24.77,23.92,24.09,24.62,-0.53,-2.1527,621526.1,1503642.407
20220905,23.86,24.49,23.8,24.39,24.09,0.3,1.2453,486367.6,1180490.426
20220906,24.41,25.56,24.37,25.5,24.39,1.11,4.551,946230.17,2379249.29
20220907,25.26,25.68,25.15,25.4,25.5,-0.1,-0.3922,666249.46,1696871.719
20220908,25.5,26.02,25.17,25.27,25.4,-0.13,-0.5118,828750.22,2125394.007
20220909,25.3,25.49,24.78,25.09,25.27,-0.18,-0.7123,545629.16,1369379.438
20220913,25.09,25.28,24.5,24.81,25.09,-0.28,-1.116,597429.68,1483023.673
20220914,24.3,24.6,23.88,24.15,24.81,-0.66,-2.6602,691830.18,1674056.898
20220915,24.23,24.29,23.1,23.44,24.15,-0.71,-2.94,826413.14,1949299.462
20220916,23.13,23.39,22.53,22.56,23.44,-0.88,-3.7543,653351.34,1494733.731
20220919,22.56,22.9,22.3,22.65,22.56,0.09,0.3989,395721.74,894424.676
20220920,22.76,23.22,22.76,22.92,22.65,0.27,1.1921,471011.78,1081825.06
20220921,22.65,22.95,22.52,22.8,22.92,-0.12,-0.5236,333716.15,759211.447
20220922,22.6,22.94,22.41,22.83,22.8,0.03,0.1316,384887.54,875137.649
20220923,22.72,22.95,22.12,22.33,22.83,-0.5,-2.1901,443189.9,996809.413
20220926,22.01,22.63,21.92,22.08,22.33,-0.25,-1.1196,363596.18,811733.994
20220927,22.2,22.68,22.02,22.48,22.08,0.4,1.8116,444983.65,993149.032
20220928,22.3,22.55,21.45,21.46,22.48,-1.02,-4.5374,527029.06,1152293.346
20220929,21.83,22.19,21.68,21.96,21.46,0.5,2.3299,534357.24,1173484.565
20220930,22.1,22.19,21.67,21.67,21.96,-0.29,-1.3206,383127.01,838415.603
20221010,21.91,22.04,21.19,21.36,21.67,-0.31,-1.4305,434274.91,939015.001
20221011,21.37,21.92,21.36,21.78,21.36,0.42,1.9663,404138.25,875160.947
20221012,21.66,22.36,21.27,22.36,21.78,0.58,2.663,523686.72,1144064.909
20221013,22.18,22.38,22.04,22.17,22.36,-0.19,-0.8497,436942.99,970360.652
20221014,22.42,23.27,22.18,22.85,22.17,0.68,3.0672,814563.32,1848589.716
20221017,22.58,22.82,22.28,22.78,22.85,-0.07,-0.3063,540948.06,1218902.134
20221018,22.81,23.06,22.72,22.86,22.78,0.08,0.3512,496388.77,1135620.009
20221019,22.82,22.96,22.22,22.22,22.86,-0.64,-2.7997,516230.85,1163516.264
20221020,21.97,22.14,21.47,21.72,22.22,-0.5,-2.2502,490015.83,1066599.527
20221021,21.8,22.11,21.59,21.73,21.72,0.01,0.046,357526.83,781840.249
20221024,21.8,21.95,21.2,21.38,21.73,-0.35,-1.6107,391438.6,843975.03
20221025,21.51,22.03,21.29,21.9,21.38,0.52,2.4322,482701.41,1047263.225
20221026,21.93,22.28,21.69,21.97,21.9,0.07,0.3196,478788.16,1052713.535
20221027,22.08,22.32,21.66,21.67,21.97,-0.3,-1.3655,459648.11,1010235.381
20221028,21.42,21.57,20.6,20.73,21.67,-0.94,-4.3378,574989.47,1203737.978
20221031,20.6,20.95,20.3,20.41,20.73,-0.32,-1.5437,471330.7,969543.603
20221101,20.37,21.05,20.35,21.02,20.41,0.61,2.9887,559198.21,1161323.633
20221102,20.96,21.32,20.67,21,21.02,-0.02,-0.0951,667591.86,1401651.332
20221103,20.8,21.2,20.75,21.08,21,0.08,0.381,418603.94,879638.924
20221104,21.09,22.08,21.01,22.03,21.08,0.95,4.5066,844574.94,1834377.548
20221107,22,22.25,21.85,21.96,22.03,-0.07,-0.3177,608836.21,1340373.55
20221108,22.4,22.6,21.81,22,21.96,0.04,0.1821,755740.91,1671571.747
20221109,21.98,22.05,21.73,21.8,22,-0.2,-0.9091,414113.93,904335.657
20221110,21.65,21.68,21.42,21.5,21.8,-0.3,-1.3761,345247.3,743003.843
20221111,22.1,22.18,21.78,21.8,21.5,0.3,1.3953,604038.46,1324723.65
20221114,21.89,22.07,21.49,21.55,21.8,-0.25,-1.1468,479001.79,1041904.539
20221115,21.54,22.12,21.52,22.12,21.55,0.57,2.645,613057.03,1342616.508
20221116,22.1,22.24,21.8,21.83,22.12,-0.29,-1.311,421795.36,925564.233
20221117,21.75,21.75,21.34,21.56,21.83,-0.27,-1.2368,404451.58,868495.39
20221118,21.59,21.92,21.39,21.64,21.56,0.08,0.3711,402910.73,873225.969
20221121,21.42,21.82,21.38,21.68,21.64,0.04,0.1848,370091.49,800097.389
20221122,21.57,21.77,21.29,21.36,21.68,-0.32,-1.476,458129.42,984407.622
20221123,21.39,22.1,21.37,22.07,21.36,0.71,3.324,846246.03,1849583.407
20221124,22.1,22.1,21.73,21.79,22.07,-0.28,-1.2687,439431.9,960656.097
20221125,21.7,21.73,21.4,21.54,21.79,-0.25,-1.1473,334763.41,720386.339
20221128,21.2,21.31,20.68,21.29,21.54,-0.25,-1.1606,432881.27,910400.688
20221129,21.25,21.63,21.19,21.53,21.29,0.24,1.1273,412072.84,883905.22
20221130,21.56,21.88,21.28,21.5,21.53,-0.03,-0.1393,540409.99,1166505.757
20221201,21.7,21.94,21.56,21.57,21.5,0.07,0.3256,561987.99,1222339.819
20221202,21.48,21.69,21.38,21.41,21.57,-0.16,-0.7418,368958.65,792641.861
20221205,21.46,21.57,21.2,21.46,21.41,0.05,0.2335,454454.13,970065.6
20221206,21.38,21.45,20.94,21.21,21.46,-0.25,-1.165,544706.57,1152768.432
20221207,21.11,21.33,21,21.08,21.21,-0.13,-0.6129,399029.02,843797.694
20221208,21.02,21.19,20.86,20.94,21.08,-0.14,-0.6641,370704.6,778557.731
20221209,20.99,21.1,20.87,21.06,20.94,0.12,0.5731,308446.66,647149.97
20221212,20.99,20.99,20.6,20.6,21.06,-0.46,-2.1842,452882.2,937300.944
20221213,20.65,20.66,20.27,20.31,20.6,-0.29,-1.4078,398847.52,814105.412
20221214,20.33,20.53,20.28,20.37,20.31,0.06,0.2954,251687.83,513057.781
20221215,20.42,20.68,20.26,20.68,20.37,0.31,1.5218,289694.14,593282.585
20221216,20.5,20.58,20.3,20.42,20.68,-0.26,-1.2573,255684.91,521571.398
20221219,20.3,20.46,19.71,19.88,20.42,-0.54,-2.6445,374039.01,750060.226
20221220,19.81,19.96,19.66,19.84,19.88,-0.04,-0.2012,221748.84,438477.792
20221221,19.85,19.88,19.38,19.44,19.84,-0.4,-2.0161,270477.23,529643.694
20221222,19.48,19.55,18.63,18.7,19.44,-0.74,-3.8066,547550.5,1038814.062
20221223,18.68,18.92,18.42,18.59,18.7,-0.11,-0.5882,329427.15,614882.572
20221226,18.59,19.06,18.5,19.04,18.59,0.45,2.4207,344349.62,650362.75
20221227,19.07,19.42,19.01,19.36,19.04,0.32,1.6807,313973.17,604689.073
20221228,19.12,19.38,19.12,19.25,19.36,-0.11,-0.5682,240121.66,462398.407
20221229,19.18,19.34,19.16,19.29,19.25,0.04,0.2078,211497.36,407678.722
20221230,19.35,20.2,19.28,20.08,19.29,0.79,4.0954,747032.08,1487673.917
20230103,20.01,20.19,19.68,20.17,20.08,0.09,0.4482,448898.41,896706.033
20230104,20.04,20.1,19.6,19.72,20.17,-0.45,-2.231,385539.53,764624.544
20230105,19.77,19.99,19.7,19.9,19.72,0.18,0.9128,303578.82,603105.116
20230106,19.87,20.52,19.83,20.19,19.9,0.29,1.4573,570190.09,1157359.965
20230109,20.28,20.32,20.05,20.18,20.19,-0.01,-0.0495,336421.7,678730.918
20230110,20.18,20.26,19.95,20.08,20.18,-0.1,-0.4955,257012.17,516243.326
20230111,20.07,20.35,20.06,20.11,20.08,0.03,0.1494,293886.21,593467.738
20230112,20.2,20.43,20.16,20.21,20.11,0.1,0.4973,254061.36,515297.353
20230113,20.24,20.34,19.99,20.12,20.21,-0.09,-0.4453,260350.68,523732.757
20230116,20.12,20.45,20.05,20.32,20.12,0.2,0.994,386007.31,783339.086
20230117,20.41,20.53,20.24,20.36,20.32,0.04,0.1969,268224.32,546088.539
20230118,20.38,20.5,20.31,20.38,20.36,0.02,0.0982,223694.45,456657.265
20230119,20.31,20.44,20.21,20.43,20.38,0.05,0.2453,225352.3,458639.581
20230120,20.89,21.28,20.8,21.24,20.43,0.81,3.9648,759410.7,1603980.735
20230130,21.51,21.63,21.21,21.24,21.24,0,0,644543.61,1378040.589
20230131,21.2,21.35,21.13,21.28,21.24,0.04,0.1883,335737.35,713983.272
20230201,21.27,21.57,21.23,21.57,21.28,0.29,1.3628,504006.77,1078898.792
20230202,21.68,21.73,21.33,21.45,21.57,-0.12,-0.5563,460864.48,990490.236
20230203,21.43,21.43,20.91,21.11,21.45,-0.34,-1.5851,447316.54,943797.378
20230206,21.03,21.35,20.97,21.25,21.11,0.14,0.6632,322693.07,685233.773
20230207,21.25,21.31,21.12,21.22,21.25,-0.03,-0.1412,233195.57,494452.812
20230208,21.24,21.36,21.17,21.27,21.22,0.05,0.2356,235108.42,499893.405
20230209,21.2,21.38,21.15,21.34,21.27,0.07,0.3291,299654.56,638101.262
20230210,21.33,21.33,21.04,21.09,21.34,-0.25,-1.1715,298402.85,631813.028
20230213,21.12,21.2,20.97,21.09,21.09,0,0,301243.58,635234.992
20230214,21.08,21.44,21.05,21.38,21.09,0.29,1.3751,432825.26,922014.243
20230215,21.3,21.4,21.13,21.18,21.38,-0.2,-0.9355,310144.04,659110.33
20230216,21.16,21.23,20.45,20.63,21.18,-0.55,-2.5968,487874.45,1019662.838
20230217,20.66,20.82,20.48,20.53,20.63,-0.1,-0.4847,287965.1,595065.534
20230220,20.5,20.96,20.36,20.94,20.53,0.41,1.9971,330895.06,685166.192
20230221,21,21.94,21,21.7,20.94,0.76,3.6294,914694.56,1979375.774
20230222,21.6,21.71,21.44,21.5,21.7,-0.2,-0.9217,379997.49,819110.618
20230223,21.52,21.72,21.48,21.6,21.5,0.1,0.4651,361632.06,780718.81
20230224,21.72,21.77,21.25,21.41,21.6,-0.19,-0.8796,300804.77,644546.269
20230227,21.28,21.74,21.21,21.54,21.41,0.13,0.6072,386966.65,834661.487
20230228,21.55,21.62,21.27,21.56,21.54,0.02,0.0929,306957.69,658455.537
20230301,21.57,21.65,21.47,21.61,21.56,0.05,0.2319,319481.74,689061.302
20230302,21.58,21.62,21.28,21.32,21.61,-0.29,-1.342,347860.64,745002.346
20230303,21.4,21.77,21.27,21.62,21.32,0.3,1.4071,441413.29,952616.606
20230306,21.65,22.14,21.46,22.1,21.62,0.48,2.2202,836964.4,1834929.449
